create sequence seq_01 as int start 30;
create sequence `123` start 30;
select nextval('123');
nextval(123)
30
create sequence SEQ increment 100 start 30;
create sequence sEq increment 100 start 30;
table seq already exists
create sequence `中文` maxvalue 6899 cycle;
select nextval('中文');
nextval(中文)
1
select nextval('中文'),currval('中文');
nextval(中文)    currval(中文)
2    2
create sequence `test@123456`;
select nextval('test@123456');
nextval(test@123456)
1
select nextval('test@123456'),currval('test@123456');
nextval(test@123456)    currval(test@123456)
2    2
create sequence _acc;
select nextval('_acc');
nextval(_acc)
1
select nextval('_acc'),currval('_acc');
nextval(_acc)    currval(_acc)
2    2
create sequence `ab.cd` start with 1;
select nextval('ab.cd');
nextval(ab.cd)
1
select nextval('ab.cd'),currval('ab.cd');
nextval(ab.cd)    currval(ab.cd)
2    2
create sequence `abcddddddfsfafaffsefsfsefljofiseosfjosisssssssssssssssssssssssssssssssssssssssssssssssssssssssssssss24444444444444444444444444222222222@fffffffffffffffffffffffffffffffffffffffffffffffffffff` start 30;
select nextval('abcddddddfsfafaffsefsfsefljofiseosfjosisssssssssssssssssssssssssssssssssssssssssssssssssssssssssssss24444444444444444444444444222222222@fffffffffffffffffffffffffffffffffffffffffffffffffffff') as s1;
s1
30
create table if not exists seq_temp(col1 int);
create sequence seq_temp start 10;
table seq_temp already exists
drop table seq_temp;
create table if not exists table_temp(col1 int);
create view seq_temp as select * from table_temp;
create sequence seq_temp start 10;
table seq_temp already exists
drop view seq_temp;
drop table table_temp;
create external table seq_temp(num_col1 tinyint,num_col2 smallint,num_col3 int,num_col4 bigint,num_col5 tinyint unsigned,num_col6 smallint unsigned,num_col7 int unsigned,num_col8 bigint unsigned ,num_col9 float(5,3),num_col10 double,num_col11 decimal(38,19)) infile{"filepath"='$resources/external_table_file/ex_table_number.csv'} fields terminated by ',' enclosed by '\"' lines terminated by '\n';
create sequence seq_temp start 10;
table seq_temp already exists
drop table seq_temp;
create sequence seq_temp start 10;
create sequence seq_temp start 10;
table seq_temp already exists
create sequence Seq_temp start 10;
table seq_temp already exists
create sequence sequence;
SQL parser error: You have an error in your SQL syntax; check the manual that corresponds to your MatrixOne server version for the right syntax to use. syntax error at line 1 column 24 near " sequence;";
create sequence table as bigint;
SQL parser error: You have an error in your SQL syntax; check the manual that corresponds to your MatrixOne server version for the right syntax to use. syntax error at line 1 column 21 near " table as bigint;";
create sequence seq_01 as tinyint unsigned MINVALUE 26  NO CYCLE;
table seq_01 already exists
create sequence if not exists seq_01 as tinyint unsigned MINVALUE 26  NO CYCLE;
create sequence if not exists seq_02 as tinyint CYCLE;
not supported: Unsupported type for sequence
create sequence seq_03 increment 3;
select nextval('seq_03');
nextval(seq_03)
1
select nextval('seq_03'),currval('seq_03');
nextval(seq_03)    currval(seq_03)
4    4
select nextval('seq_03');
nextval(seq_03)
7
select nextval('seq_03');
nextval(seq_03)
10
select * from seq_03;
last_seq_num    min_value    max_value    start_value    increment_value    cycle    is_called
10    1    9223372036854775807    1    3    false    true
create sequence seq_04 increment by -10;
select nextval('seq_04');
nextval(seq_04)
-1
select nextval('seq_04'),currval('seq_04');
nextval(seq_04)    currval(seq_04)
-11    -11
select nextval('seq_04');
nextval(seq_04)
-21
select nextval('seq_04'),currval('seq_04');
nextval(seq_04)    currval(seq_04)
-31    -31
create sequence seq_05 start 10000;
select nextval('seq_05');
nextval(seq_05)
10000
select nextval('seq_05'),currval('seq_05');
nextval(seq_05)    currval(seq_05)
10001    10001
create table seq_table_01(col1 int);
insert into seq_table_01 values(nextval('seq_05')),(nextval('seq_04')),(nextval('seq_05')),(nextval('seq_05'));