drop account if exists tenant_test;
create account tenant_test admin_name = 'root' identified by '111' open comment 'tenant_test';
use mo_catalog;
create cluster table a(a int);
table a already exists
insert into a accounts(sys,tenant_test) values(0),(1),(2),(3);
select a from a;
a
0
1
2
3
0
1
2
3
use mo_catalog;
select a from a;
a
0
1
2
3
drop account if exists tenant_test;
select a from a;
a
0
1
2
3
drop account if exists tenant_test;
